,step,T,E,acceptance,improvement
0,0,0.0,3266.9643742860153,,
1,401,2000.0,3333.973633102548,0.825,0.39
2,601,3000.0,3580.9428830927754,0.85,0.405
3,801,4500.0,4313.019305779098,0.97,0.49
4,1001,6800.0,3687.7960881997797,0.935,0.455
5,1201,10000.0,3628.150585387424,0.955,0.465
6,1401,15000.0,3214.937834401745,0.99,0.46
7,1601,10000.0,4355.6901410922765,0.97,0.51
8,1801,6700.0,3023.1895591251787,0.96,0.47
9,2001,4500.0,3224.691601913026,0.965,0.5
10,2201,3000.0,3847.526610768483,0.935,0.48
11,2401,2000.0,3821.06666240999,0.89,0.42
12,2601,1300.0,3288.7221912276336,0.74,0.375
13,2801,870.0,3557.048334528512,0.7,0.36
14,3001,580.0,2911.097949578338,0.66,0.32
15,3201,390.0,2927.449023222595,0.375,0.165
16,3401,260.0,3024.4647454063315,0.35,0.17
17,3601,170.0,2479.3280403180383,0.205,0.105
18,3801,110.0,2902.845317957822,0.12,0.055
19,4001,73.0,2271.5206495417865,0.025,0.02
20,4201,49.0,2416.796351697525,0.005,0.0
21,0,15000.0,2416.796351697525,,
22,1,14914.385484136561,3695.156323223073,1.0,0.0
23,2,14829.259624628223,3079.238291273147,1.0,1.0
24,3,14744.61963240317,3859.1916068904593,1.0,0.0
25,4,14660.462734308587,3760.940825294932,1.0,1.0
26,5,14576.786173019798,4618.814217278751,1.0,0.0
27,6,14493.587206949933,3695.156323223073,1.0,1.0
28,7,14410.863110160097,3198.001834874459,1.0,1.0
29,8,14328.611172270052,3408.7913422204037,1.0,0.0
30,9,14246.828698369427,5081.344108733132,1.0,0.0
31,10,14165.51300892941,4003.7648768729555,1.0,1.0
32,11,14084.66143971496,4405.64640694235,1.0,0.0
33,12,14004.271341697517,4405.64640694235,1.0,0.0
34,13,13924.340080968204,2601.622707650339,1.0,1.0
35,14,13844.86503865154,3881.890860773645,1.0,0.0
36,15,13765.84361081962,3656.812438722766,1.0,1.0
37,16,13687.27320840681,4715.375103920047,1.0,0.0
38,17,13609.151257124919,4905.011725381399,1.0,0.0
39,18,13531.475197378846,4288.074668953109,1.0,1.0
40,19,13454.242484182732,4200.122088292291,1.0,1.0
41,20,13377.450587076557,4288.074668953109,1.0,0.0
42,21,13301.096990043248,2869.891420043459,1.0,1.0
43,22,13225.179191426232,3063.3678372639743,1.0,0.0
44,23,13149.694703847486,2795.171580484564,1.0,1.0
45,24,13074.641054126025,2755.6797463957137,1.0,1.0
46,25,13000.015783196875,2607.5719793103613,1.0,1.0
47,26,12925.816446030509,2954.8015366075765,1.0,0.0
48,27,12852.040611552737,2622.785391941009,1.0,1.0
49,28,12778.68586256505,4092.6749036375163,1.0,0.0
50,29,12705.749795665415,3867.732474534053,1.0,1.0
51,30,12633.230021169556,3854.7695231136363,1.0,1.0
52,31,12561.12416303263,3867.732474534053,1.0,0.0
53,32,12489.42985877139,3854.7695231136363,1.0,1.0
54,33,12418.144759386783,2936.13577549842,1.0,1.0
55,34,12347.266529286982,2976.59384606027,1.0,0.0
56,35,12276.792846210867,2646.2328112281375,1.0,1.0
57,36,12206.721401151928,3079.238291273147,1.0,0.0
58,37,12137.049898282627,3997.715733829982,1.0,0.0
59,38,12067.776054879168,4546.359726855245,1.0,0.0
60,39,11998.897601246708,4490.212179163669,1.0,1.0
61,40,11930.412280644996,4595.696426196599,1.0,0.0
62,41,11862.317849214418,3581.6394844241777,1.0,1.0
63,42,11794.612075902502,3059.6309894429287,1.0,1.0
64,43,11727.292742390804,3512.6472314414273,1.0,0.0
65,44,11660.357643022231,4517.195911568423,1.0,0.0
66,45,11593.804584728769,4260.36285637089,1.0,1.0
67,46,11527.631386959645,4762.965347051848,1.0,0.0
68,47,11461.835881609863,3388.8042907545796,1.0,1.0
69,48,11396.41591294918,3830.0767375787977,1.0,0.0
70,49,11331.369337551478,3388.8042907545796,1.0,1.0
71,50,11266.694024224525,4023.9193365900223,1.0,0.0
72,51,11202.387853940158,3755.571016796571,1.0,1.0
73,52,11138.448719764854,3896.4105309518063,1.0,0.0
74,53,11074.874526790694,3282.900559418722,1.0,1.0
75,54,11011.663192066724,3396.4627042439497,1.0,0.0
76,55,10948.812644530723,2597.6142968447293,1.0,1.0
77,56,10886.320824941322,3500.0867719240514,1.0,0.0
78,57,10824.18568581056,3699.3038805631904,1.0,0.0
79,58,10762.405191336784,3065.0735813214405,1.0,1.0
80,59,10700.977317337953,3504.72335145494,1.0,0.0
81,60,10639.900051185316,3276.0494260285573,1.0,1.0
82,61,10579.171391737475,3288.534438385477,1.0,0.0
83,62,10518.789349274812,4198.737497979548,1.0,0.0
84,63,10458.7519454343,3229.9951568283313,1.0,1.0
85,64,10399.05721314469,3195.6540445977985,1.0,1.0
86,65,10339.70319656205,3647.1101514801153,1.0,0.0
87,66,10280.687951005695,3222.0868604113075,1.0,1.0
88,67,10222.009542894466,4888.362959699114,1.0,0.0
89,68,10163.666049683376,3338.994385172018,1.0,1.0
90,69,10105.65555980062,3338.994385172018,0.0,0.0
91,70,10047.976172584953,4489.1785417605515,1.0,0.0
92,71,9990.625998223404,4590.595173583201,1.0,0.0
93,72,9933.603157689366,3796.3011089669662,1.0,1.0
94,73,9876.905782681024,3674.4805680958216,1.0,1.0
95,74,9820.532015560155,5012.9223874373865,1.0,0.0
96,75,9764.480009291248,3958.477582746257,1.0,1.0
97,76,9708.747927381002,4234.953387929623,1.0,0.0
98,77,9653.333943818143,3531.037314311135,1.0,1.0
99,78,9598.236243013602,2894.9375855493054,1.0,1.0
100,79,9543.453019741033,3247.8879830782193,1.0,0.0
101,80,9488.98247907766,3381.5178161672534,1.0,0.0
102,81,9434.82283634547,3443.023242963227,1.0,0.0
103,82,9380.972317052732,3462.659685234403,1.0,0.0
104,83,9327.429156835879,4435.196581929832,1.0,0.0
105,84,9274.191601401675,4330.272805006848,1.0,1.0
106,85,9221.257906469758,4030.8647630840683,1.0,1.0
107,86,9168.626337715468,4242.985831123497,1.0,0.0
108,87,9116.29517071305,3279.769150823325,1.0,1.0
109,88,9064.262690879128,3490.080920480917,1.0,0.0
110,89,9012.527193416552,2961.93805186818,1.0,1.0
111,90,8961.086983258523,3019.943174236604,1.0,0.0
112,91,8909.940375013066,3993.660536363308,1.0,0.0
113,92,8859.085692907809,2928.891916441067,1.0,1.0
114,93,8808.521270735075,2928.891916441067,1.0,0.0
115,94,8758.245451797287,3246.487800412043,1.0,0.0
116,95,8708.256588852702,2731.0550670392627,1.0,1.0
117,96,8658.553044061418,2863.5989637140206,1.0,0.0
118,97,8609.133188931737,3760.257008855075,1.0,0.0
119,98,8559.995404266787,4795.948228351822,1.0,0.0
120,99,8511.138080111483,4452.805605132522,1.0,1.0
121,100,8462.559615699774,4452.805605132522,0.0,0.0
122,101,8414.258419402198,2954.086323700514,1.0,1.0
123,102,8366.232908673732,3890.483055406458,1.0,0.0
124,103,8318.48151000194,3620.190157567732,1.0,1.0
125,104,8271.002658855423,3620.190157567732,0.0,0.0
126,105,8223.794799632547,5057.143451780819,1.0,0.0
127,106,8176.856385610493,3870.2796793923776,1.0,1.0
128,107,8130.185878894566,4058.945512483163,1.0,0.0
129,108,8083.781750367809,2783.005752035125,1.0,1.0
130,109,8037.642479640913,3760.940825294932,1.0,0.0
131,110,7991.7665550023885,4681.987897733629,1.0,0.0
132,111,7946.152473369045,3292.7396161237834,1.0,1.0
133,112,7900.798740236739,3835.1912119077456,1.0,0.0
134,113,7855.703869631418,3401.9502304672114,1.0,1.0
135,114,7810.866384060413,3970.2185798235237,1.0,0.0
136,115,7766.2848144640575,2951.388722562164,1.0,1.0
137,116,7721.957700167529,4452.805605132522,1.0,0.0
138,117,7677.8835888330095,3333.973633102548,1.0,1.0
139,118,7634.061036412089,2966.1729873039453,1.0,1.0
140,119,7590.488607098466,3438.2462141093038,1.0,0.0
141,120,7547.164873280888,3177.4216179340033,1.0,1.0
142,121,7504.088415496385,3148.111530707228,1.0,1.0
143,122,7461.257822383775,3573.105497913708,1.0,0.0
144,123,7418.671690637396,2747.8083916354203,1.0,1.0
145,124,7376.328624961148,3606.966809659033,1.0,0.0
146,125,7334.22723802277,4041.360810726806,1.0,0.0
147,126,7292.366150408385,4283.786917186688,1.0,0.0
148,127,7250.743990577309,3515.507405758626,1.0,1.0
149,128,7209.359394817107,3822.7903235033423,1.0,0.0
150,129,7168.21100719892,3667.5973335281014,1.0,1.0
151,130,7127.297479533032,3101.173974687849,1.0,1.0
152,131,7086.617471324704,2777.347269431898,1.0,1.0
153,132,7046.169649730246,3113.1217925057067,1.0,0.0
154,133,7005.9526895133595,4055.2333632916248,1.0,0.0
155,134,6965.965273001702,4055.2333632916248,0.0,0.0
156,135,6926.206090043731,4081.496495259309,1.0,0.0
157,136,6886.6738379657645,3651.656240090686,1.0,1.0
158,137,6847.367221529307,3184.1126388800085,1.0,1.0
159,138,6808.284952888613,3273.169652538355,1.0,0.0
160,139,6769.425751548487,3053.2077415244376,1.0,1.0
161,140,6730.788344322332,2430.1260138841135,1.0,1.0
162,141,6692.3714652904355,2806.2494761400358,1.0,0.0
163,142,6654.173855758493,3625.0170161673714,1.0,0.0
164,143,6616.194264216365,4595.353270742924,1.0,0.0
165,144,6578.431446297075,3112.1292944642605,1.0,1.0
166,145,6540.884164736039,2861.0738355809317,1.0,1.0
167,146,6503.551189330524,3547.2582851776638,1.0,0.0
168,147,6466.431296899349,4313.019305779098,1.0,0.0
169,148,6429.5232712428,3645.241108186038,1.0,1.0
170,149,6392.825903102788,4589.579605165091,1.0,0.0
171,150,6356.337990123228,4562.8397062295135,1.0,1.0
172,151,6320.058336810642,3065.3001801049513,1.0,1.0
173,152,6283.985754494994,3591.282489397538,1.0,0.0
174,153,6248.119061290738,3839.214051601535,1.0,0.0
175,154,6212.457082058102,3308.9725744898174,1.0,1.0
176,155,6176.998648364583,3029.8349929240267,1.0,1.0
177,156,6141.742598446658,3029.8349929240267,1.0,0.0
178,157,6106.687777171733,2759.411726283055,1.0,1.0
179,158,6071.833036000284,3318.348845916763,1.0,0.0
180,159,6037.17723294823,3318.348845916763,0.0,0.0
181,160,6002.719232549521,4073.655989606108,1.0,0.0
182,161,5968.457905818929,3160.168122871404,1.0,1.0
183,162,5934.392130215062,3867.3246450662677,1.0,0.0
184,163,5900.5207896035845,3726.7872284868827,1.0,1.0
185,164,5866.842774220646,3881.9121206411432,1.0,0.0
186,165,5833.356980636525,4491.410630990967,1.0,0.0
187,166,5800.062311719471,4491.410630990967,1.0,0.0
188,167,5766.957676599762,3638.3875421284492,1.0,1.0
189,168,5734.041990633958,4569.957767952726,1.0,0.0
190,169,5701.314175369375,4223.499509362028,1.0,1.0
191,170,5668.773158508734,4495.264017732676,1.0,0.0
192,171,5636.417873875042,4938.842475577624,1.0,0.0
193,172,5604.247261376651,3625.995659262305,1.0,1.0
194,173,5572.260266972534,5060.04749693548,1.0,0.0
195,174,5540.455842637738,3826.18982943562,1.0,1.0
196,175,5508.832946329059,3659.6801279300594,1.0,1.0
197,176,5477.390541950889,3659.6801279300594,0.0,0.0
198,177,5446.127599321282,4898.45476111011,1.0,0.0
199,178,5415.043094138188,3836.602896380382,1.0,1.0
200,179,5384.136007945903,3347.824164258563,1.0,1.0
201,180,5353.405328101689,3347.824164258563,0.0,0.0
202,181,5322.85004774261,3709.2911184222044,1.0,0.0
203,182,5292.469165752532,5260.109896628435,1.0,0.0
204,183,5262.261686729326,4556.558235302961,1.0,1.0
205,184,5232.226620952257,3830.0767375787977,1.0,1.0
206,185,5202.362984349548,3468.921776687992,1.0,1.0
207,186,5172.66979846615,2956.2393921746007,1.0,1.0
208,187,5143.1460904316755,2956.2393921746007,0.0,0.0
209,188,5113.790892928525,3475.976263049739,1.0,0.0
210,189,5084.6032441601965,2734.570444987681,1.0,1.0
211,190,5055.582187819766,2806.179720362352,1.0,0.0
212,191,5026.726773058565,3697.471657870572,1.0,0.0
213,192,4998.0360544550185,3135.4306743045554,1.0,1.0
214,193,4969.509091983673,3541.011698061703,1.0,0.0
215,194,4941.144950984397,3025.3583239587592,1.0,1.0
216,195,4912.942702131755,3890.2762339576816,1.0,0.0
217,196,4884.901421404568,3890.2762339576816,0.0,0.0
218,197,4857.020190055621,4030.2109257680568,1.0,0.0
219,198,4829.298094581585,3350.8090853304134,1.0,1.0
220,199,4801.734226693062,3061.3208347971954,1.0,1.0
221,200,4774.327683284848,3014.1956877703306,1.0,1.0
222,201,4747.077566406323,3519.3576949505073,1.0,0.0
223,202,4719.982983232052,3172.3224407471575,1.0,1.0
224,203,4693.043046032513,3688.7788770785,1.0,0.0
225,204,4666.2568721450225,4176.543671747455,1.0,0.0
226,205,4639.623583944814,3538.7371997812525,1.0,1.0
227,206,4613.142308816278,4380.7180470385365,1.0,0.0
228,207,4586.812179124381,3498.1509838607144,1.0,1.0
229,208,4560.63233218623,4931.711198370675,1.0,0.0
230,209,4534.601910242812,4030.8647630840683,1.0,1.0
231,210,4508.720060430888,4862.330886589025,1.0,0.0
232,211,4482.98593475505,4055.2333632916248,1.0,1.0
233,212,4457.39869005994,4055.2333632916248,0.0,0.0
234,213,4431.957488002618,2782.9647443552203,1.0,1.0
235,214,4406.661495025106,2782.9647443552203,0.0,0.0
236,215,4381.509882327063,3055.445454933877,1.0,0.0
237,216,4356.501825838643,2782.9647443552203,1.0,1.0
238,217,4331.636506193485,3055.445454933877,1.0,0.0
239,218,4306.913108701874,3742.4825225170566,1.0,0.0
240,219,4282.330823324048,4807.413415388884,1.0,0.0
241,220,4257.8888446436495,3967.8435153972687,1.0,1.0
242,221,4233.586371841349,3967.8435153972687,0.0,0.0
243,222,4209.422608668599,5083.578373704936,1.0,0.0
244,223,4185.396763421546,3557.4310253053927,1.0,1.0
245,224,4161.508048915097,3325.4157499977773,1.0,1.0
246,225,4137.755682457118,2605.5255452113183,1.0,1.0
247,226,4114.138885822801,3083.3564887819007,1.0,0.0
248,227,4090.656885229157,3322.18940086487,1.0,0.0
249,228,4067.308911309666,4097.859314702239,1.0,0.0
250,229,4044.094199089079,3859.1916068904593,1.0,1.0
251,230,4021.0119879583344,3110.77170682759,1.0,1.0
252,231,3998.06152164966,3322.18940086487,1.0,0.0
253,232,3975.242048211773,2922.3344189852714,1.0,1.0
254,233,3952.552819985265,2922.3344189852714,0.0,0.0
255,234,3929.9930935780835,3004.739497580848,1.0,0.0
256,235,3907.562129841194,3322.6135143025913,1.0,0.0
257,236,3885.2591938443493,2775.012858385837,1.0,1.0
258,237,3863.083554852019,3287.1942897090844,1.0,0.0
259,238,3841.034486299441,3593.8310382508416,1.0,0.0
260,239,3819.111265768821,2992.582360871634,1.0,1.0
261,240,3797.3131749656604,3036.245427521055,1.0,0.0
262,241,3775.639499695224,3110.0012810448143,1.0,0.0
263,242,3754.089529839138,3288.534438385477,1.0,0.0
264,243,3732.6625593321264,2919.9299958164206,1.0,1.0
265,244,3711.357886138872,3158.288263876954,1.0,0.0
266,245,3690.1748122310237,4147.347676840064,1.0,0.0
267,246,3669.1126435643146,4068.3796303576864,1.0,1.0
268,247,3648.1706900558365,3854.7695231136363,1.0,1.0
269,248,3627.348265561415,2936.13577549842,1.0,1.0
270,249,3606.6446878531397,2767.035024240005,1.0,1.0
271,250,3586.059278597007,4619.035662185328,1.0,0.0
272,251,3565.591363330695,3431.5004857313747,1.0,1.0
273,252,3545.240271441467,3393.9707994136197,1.0,1.0
274,253,3525.0053361441987,3688.7518147540636,1.0,0.0
275,254,3504.8858944595304,3688.7518147540636,0.0,0.0
276,255,3484.881287192147,3052.33405864983,1.0,1.0
277,256,3464.9908589091788,3052.33405864983,0.0,0.0
278,257,3445.2139579187287,3001.9557459391003,1.0,1.0
279,258,3425.549936248517,3001.9557459391003,0.0,0.0
280,259,3405.9981496246533,4352.487434268565,1.0,0.0
281,260,3386.5579574505277,4077.723057677555,1.0,1.0
282,261,3367.228722785821,4491.410630990967,1.0,0.0
283,262,3348.0098123256357,3190.337086281933,1.0,1.0
284,263,3328.900596379748,3190.337086281933,0.0,0.0
285,264,3309.900448851978,3764.3697291821823,1.0,0.0
286,265,3291.0087472196674,3143.107427113992,1.0,1.0
287,266,3272.224872513298,3347.824164258563,1.0,0.0
288,267,3253.548209296195,3347.824164258563,0.0,0.0
289,268,3234.978145644379,3836.602896380382,1.0,0.0
290,269,3216.514073126502,3836.602896380382,0.0,0.0
291,270,3198.155386783924,3694.6965748586017,1.0,1.0
292,271,3179.9014851108873,4787.878303184605,1.0,0.0
293,272,3161.751770034807,3812.894341810119,1.0,1.0
294,273,3143.7056468966807,2625.5770108822103,1.0,1.0
295,274,3125.762524431599,2605.5255452113183,1.0,1.0
296,275,3107.9218147493793,4232.627133912572,1.0,0.0
297,276,3090.1829333153,3148.111530707228,1.0,1.0
298,277,3072.5452989309492,3576.967722492572,1.0,0.0
299,278,3055.0083337151864,3334.5720405702136,1.0,1.0
300,279,3037.571463085199,3334.5720405702136,0.0,0.0
301,280,3020.2341157376904,3514.5746156325013,1.0,0.0
302,281,3002.9957236301484,3514.5746156325013,0.0,0.0
303,282,2985.855721962244,4022.664788598446,1.0,0.0
304,283,2968.813549157318,4166.391815944345,1.0,0.0
305,284,2951.86864684399,5161.254114134873,1.0,0.0
306,285,2935.020459837856,3526.076373045329,1.0,1.0
307,286,2918.268436123302,3421.120018777077,1.0,1.0
308,287,2901.6120268354184,2751.9488591586255,1.0,1.0
309,288,2885.050686242015,2978.059785336483,1.0,0.0
310,289,2868.5838717257425,2934.0175148048315,1.0,1.0
311,290,2852.2110437663105,3129.6629001730466,1.0,0.0
312,291,2835.9316659228166,3129.6629001730466,0.0,0.0
313,292,2819.7452048161645,3470.318208947656,1.0,0.0
314,293,2803.651130111592,3470.318208947656,0.0,0.0
315,294,2787.648914501293,3307.6852859764235,1.0,1.0
316,295,2771.7380336871415,3285.5957216406478,1.0,1.0
317,296,2755.9179663635146,3285.5957216406478,0.0,0.0
318,297,2740.18819420021,3307.6852859764235,1.0,0.0
319,298,2724.548201825465,3285.5957216406478,1.0,1.0
320,299,2708.9974768090733,3090.0446203439055,1.0,1.0
321,300,2693.5355096455864,3596.5709069161944,1.0,0.0
322,301,2678.161793737635,3431.4251379643956,1.0,1.0
323,302,2662.8758253793135,2747.8083916354203,1.0,1.0
324,303,2647.677103739694,3028.33554539083,1.0,0.0
325,304,2632.565130846401,3201.2312604151152,1.0,0.0
326,305,2617.5394115693084,3503.111090654146,1.0,0.0
327,306,2602.5994536043095,2831.447083503727,1.0,1.0
328,307,2587.7447674571913,4031.507037647063,1.0,0.0
329,308,2572.974866427591,2902.845317957822,1.0,1.0
330,309,2558.289266593058,2902.845317957822,0.0,0.0
331,310,2543.687486793192,3504.72335145494,1.0,0.0
332,311,2529.169048613879,3036.245427521055,1.0,1.0
333,312,2514.733476371621,4292.986918707969,1.0,0.0
334,313,2500.380297097945,4049.969723618421,1.0,1.0
335,314,2486.1090405239097,3211.6932894923934,1.0,1.0
336,315,2471.9192390646986,3192.2781250649205,1.0,1.0
337,316,2457.8104278042947,3199.485905356455,1.0,0.0
338,317,2443.782144480257,3438.0043531174215,1.0,0.0
339,318,2429.8339294685634,2831.392883057172,1.0,1.0
340,319,2415.965325768563,2430.1260138841135,1.0,1.0
341,320,2402.175878987994,2607.5719793103613,1.0,0.0
342,321,2388.4651373281013,2890.9399974257217,1.0,0.0
343,322,2374.832651568832,2912.9020038490066,1.0,0.0
344,323,2361.277975054114,2912.9020038490066,0.0,0.0
345,324,2347.800663677231,4753.9312800128955,1.0,0.0
346,325,2334.400275866258,3510.6109317459286,1.0,1.0
347,326,2321.076372569607,4295.848938223619,1.0,0.0
348,327,2307.828517241632,3854.8239548013207,1.0,1.0
349,328,2294.656275828334,3854.8239548013207,0.0,0.0
350,329,2281.559216753131,3531.373848052265,1.0,1.0
351,330,2268.5369109027247,3854.8239548013207,1.0,0.0
352,331,2255.5889316130397,3911.032442737444,1.0,0.0
353,332,2242.7148546552407,2996.089328438975,1.0,1.0
354,333,2229.914258221837,3605.017446534319,1.0,0.0
355,334,2217.186722912861,2996.089328438975,1.0,1.0
356,335,2204.5318317221254,2996.089328438975,0.0,0.0
357,336,2191.949170023564,3605.017446534319,1.0,0.0
358,337,2179.438325557641,3917.0740201122603,1.0,0.0
359,338,2166.998888417852,3691.8466900965777,1.0,1.0
360,339,2154.6304510372843,3335.1080208716317,1.0,1.0
361,340,2142.3326081752725,4540.13305607678,1.0,0.0
362,341,2130.1049569041134,4055.2333632916248,1.0,1.0
363,342,2117.9470965958694,3440.578930926761,1.0,1.0
364,343,2105.858628909241,3184.1126388800085,1.0,1.0
365,344,2093.8391577765133,3651.656240090686,1.0,0.0
366,345,2081.8882893905834,3664.0534800830533,1.0,0.0
367,346,2070.0056321920542,2430.1260138841135,1.0,1.0
368,347,2058.1907968564065,2430.1260138841135,0.0,0.0
369,348,2046.4433962812436,2430.1260138841135,0.0,0.0
370,349,2034.7630455736062,3622.937361593257,1.0,0.0
371,350,2023.1493620373665,3760.257008855075,1.0,0.0
372,351,2011.6019651606828,3652.72741626721,1.0,1.0
373,352,2000.120476603537,3760.257008855075,1.0,0.0
374,353,1988.7045201853402,4206.63853415451,1.0,0.0
375,354,1977.3537218725994,3778.463684708309,1.0,1.0
376,355,1966.067709766674,3205.0608325051976,1.0,1.0
377,356,1954.8461140915792,3850.3826360107114,1.0,0.0
378,357,1943.6885671818811,4901.941312411764,1.0,0.0
379,358,1932.594703470643,3101.5420451356013,1.0,1.0
380,359,1921.5641594774495,3990.769807584226,1.0,0.0
381,360,1910.5965737965034,3990.769807584226,0.0,0.0
382,361,1899.6915870847745,4787.878303184605,1.0,0.0
383,362,1888.8488420502335,3839.214051601535,1.0,1.0
384,363,1878.0679834401433,3143.107427113992,1.0,1.0
385,364,1867.3486580294202,3443.0122617781612,1.0,0.0
386,365,1856.6905146090583,3045.632068689326,1.0,1.0
387,366,1846.093203974625,3244.9946682456784,1.0,0.0
388,367,1835.5563789148198,3176.625426037103,1.0,1.0
389,368,1825.0796942000975,2632.3725884820933,1.0,1.0
390,369,1814.6628065713548,2632.3725884820933,0.0,0.0
391,370,1804.3053747286888,3287.1942897090844,1.0,0.0
392,371,1794.0070593202086,3004.057026694058,1.0,1.0
393,372,1783.7675229309227,2705.6845439267595,1.0,1.0
394,373,1773.5864300716785,2347.593097395549,1.0,1.0
395,374,1763.4634471681754,2347.593097395549,0.0,0.0
396,375,1753.39824255003,2347.593097395549,0.0,0.0
397,376,1743.3904864399146,2347.593097395549,0.0,0.0
398,377,1733.43985094275,2347.593097395549,0.0,0.0
399,378,1723.5460100349596,2839.4455007970055,1.0,0.0
400,379,1713.7086395537924,2506.006245856578,1.0,1.0
401,380,1703.9274171866994,3176.625426037103,1.0,0.0
402,381,1694.2020224607743,3176.625426037103,0.0,0.0
403,382,1684.5321367322522,3275.2847638840326,1.0,0.0
404,383,1674.9174431760684,2978.8730568399906,1.0,1.0
405,384,1665.3576267754859,4550.326363049156,1.0,0.0
406,385,1655.8523743117614,4286.745141210724,1.0,1.0
407,386,1646.4013743538926,5063.2657228835715,1.0,0.0
408,387,1637.0043172484116,2769.8849406831496,1.0,1.0
409,388,1627.6608951092396,3030.615924722858,1.0,0.0
410,389,1618.3708018075981,3030.615924722858,0.0,0.0
411,390,1609.1337329619782,3440.3946563645277,1.0,0.0
412,391,1599.9493859281738,2468.35537414478,1.0,1.0
413,392,1590.8174597893578,2508.9640935652496,1.0,0.0
414,393,1581.7376553462266,2732.1109420512976,1.0,0.0
415,394,1572.7096751071965,2978.615625584706,1.0,0.0
416,395,1563.73322327866,2754.433208108146,1.0,1.0
417,396,1554.8080057552886,2960.9300982001023,1.0,0.0
418,397,1545.9337301103992,3553.1741347967854,1.0,0.0
419,398,1537.1101055863746,3483.431060922806,1.0,1.0
420,399,1528.3368430851365,2889.34480124034,1.0,1.0
421,400,1519.6136551586708,2889.34480124034,0.0,0.0
422,401,1510.9402559996115,3811.180764389671,1.0,0.0
423,402,1502.316361431879,3311.526206084205,1.0,1.0
424,403,1493.7416889013648,3443.023242963227,1.0,0.0
425,404,1485.2159574666762,3381.5178161672534,1.0,1.0
426,405,1476.7388877899323,2994.0738477550585,1.0,1.0
427,406,1468.3102021276088,2994.0738477550585,0.0,0.0
428,407,1459.9296243214421,3241.962144874284,1.0,0.0
429,408,1451.5968797893768,3140.9079874754916,1.0,1.0
430,409,1443.3116955165742,3388.926515662035,1.0,0.0
431,410,1435.073800046461,3141.2369398705764,1.0,1.0
432,411,1426.8829234718419,3135.7130774491534,1.0,1.0
433,412,1418.738797426052,2407.0121034392573,1.0,1.0
434,413,1410.641155074165,4171.1356433162155,1.0,0.0
435,414,1402.5897311042502,3431.5004857313747,1.0,1.0
436,415,1394.584261718682,3162.3430769921442,1.0,1.0
437,416,1386.6244846254942,3918.0639094392404,1.0,0.0
438,417,1378.7101390297871,3201.447720204449,1.0,1.0
439,418,1370.8409656251836,3380.4050885861307,1.0,0.0
440,419,1363.0167065853327,3366.052513980931,1.0,1.0
441,420,1355.2371055554609,3366.052513980931,0.0,0.0
442,421,1347.501907643974,3380.4050885861307,1.0,0.0
443,422,1339.8108594141067,3366.052513980931,1.0,1.0
444,423,1332.1637088756192,3580.6178003417353,1.0,0.0
445,424,1324.5602054765375,3366.052513980931,1.0,1.0
446,425,1317.0001000949467,3380.4050885861307,1.0,0.0
447,426,1309.4831450308318,3201.447720204449,1.0,1.0
448,427,1302.0090939979552,3201.447720204449,0.0,0.0
449,428,1294.5777021157937,2976.59384606027,1.0,1.0
450,429,1287.1887259015098,2784.935613510947,1.0,1.0
451,430,1279.841923261981,2784.935613510947,0.0,0.0
452,431,1272.5370534858607,2784.935613510947,0.0,0.0
453,432,1265.2738772356952,4517.195911568423,1.0,0.0
454,433,1258.052156540082,3193.1736242213333,1.0,1.0
455,434,1250.8716547858735,4637.244987930973,1.0,0.0
456,435,1243.732136710421,4551.651909457306,1.0,1.0
457,436,1236.63336839387,4608.970989972838,1.0,0.0
458,437,1229.5751172514952,4110.318549482471,1.0,1.0
459,438,1222.557152026081,4379.452464964331,1.0,0.0
460,439,1215.5792427803408,2759.411726283055,1.0,1.0
461,440,1208.6411608893886,4379.452464964331,1.0,0.0
462,441,1201.7426790332438,2922.705822518953,1.0,1.0
463,442,1194.8835711893864,2922.705822518953,0.0,0.0
464,443,1188.063612625349,3195.6540445977985,1.0,0.0
465,444,1181.2825798913568,3647.1101514801153,1.0,0.0
466,445,1174.5402508130023,3195.6540445977985,1.0,1.0
467,446,1167.8364044839702,3267.0998062024496,1.0,0.0
468,447,1161.1708212587976,2842.933905370533,1.0,1.0
469,448,1154.5432827456757,2842.933905370533,0.0,0.0
470,449,1147.9535717992985,2842.933905370533,0.0,0.0
471,450,1141.4014725137451,3243.0333301358514,1.0,0.0
472,451,1134.8867702154066,4312.652276336647,1.0,0.0
473,452,1128.409251455952,4042.9818831684634,1.0,1.0
474,453,1121.9687040053366,3798.6083350535255,1.0,1.0
475,454,1115.5649168448472,3798.6083350535255,0.0,0.0
476,455,1109.1976801601868,3568.564217498745,1.0,1.0
477,456,1102.8667853346017,3555.115692560932,1.0,1.0
478,457,1096.5720249420494,3555.115692560932,0.0,0.0
479,458,1090.3131927403958,2935.075994593919,1.0,1.0
480,459,1084.0900836646636,2935.075994593919,0.0,0.0
481,460,1077.902493820309,2747.8083916354203,1.0,1.0
482,461,1071.750220476548,3557.2104888271474,1.0,0.0
483,462,1065.6330620597062,3256.177272182939,1.0,1.0
484,463,1059.5508181466187,3256.177272182939,0.0,0.0
485,464,1053.5032894580622,3128.8916337571136,1.0,1.0
486,465,1047.4902778522296,3128.8916337571136,0.0,0.0
487,466,1041.5115863182314,4188.528169325642,1.0,0.0
488,467,1035.5670189696446,3692.9678173533225,1.0,1.0
489,468,1029.6563810380956,4508.655117941829,1.0,0.0
490,469,1023.7794788668774,4000.405527196408,1.0,1.0
491,470,1017.936119904603,3142.9747254945314,1.0,1.0
492,471,1012.1261126989007,3142.9747254945314,0.0,0.0
493,472,1006.3492668901363,2880.1874609002484,1.0,1.0
494,473,1000.6053932051814,2856.839840966464,1.0,1.0
495,474,994.8943034512074,2856.839840966464,0.0,0.0
496,475,989.2158105095231,2856.839840966464,0.0,0.0
497,476,983.5697283294405,2856.839840966464,0.0,0.0
498,477,977.9558719221831,3463.7585210453476,1.0,0.0
499,478,972.3740573548215,2479.3280403180383,1.0,1.0
500,479,966.8241017442483,2804.4299228393825,1.0,0.0
501,480,961.3058232511856,3101.5420451356013,1.0,0.0
502,481,955.8190410742284,3276.5230164522154,1.0,0.0
503,482,950.3635754439201,3276.5230164522154,0.0,0.0
504,483,944.9392476168614,3375.4993911404204,1.0,0.0
505,484,939.545879869856,3027.1045537855953,1.0,1.0
506,485,934.1832954940863,3669.0723398957543,1.0,0.0
507,486,928.851318789324,3669.0723398957543,0.0,0.0
508,487,923.5497750581727,3039.4121545089424,1.0,1.0
509,488,918.2784906003462,3039.4121545089424,0.0,0.0
510,489,913.0372927069759,3039.4121545089424,0.0,0.0
511,490,907.8260096549513,3039.4121545089424,0.0,0.0
512,491,902.6444707012943,3039.4121545089424,0.0,0.0
513,492,897.4925060775677,3067.4126175537554,1.0,0.0
514,493,892.3699469843082,3060.6101733625355,1.0,1.0
515,494,887.2766255854987,3251.927224497151,1.0,0.0
516,495,882.2123750030682,2626.5582218841305,1.0,1.0
517,496,877.177029311427,3153.17210652253,1.0,0.0
518,497,872.1704235320252,3253.9469381516155,1.0,0.0
519,498,867.1923936279514,3024.392826699788,1.0,1.0
520,499,862.242776498557,3024.392826699788,0.0,0.0
521,500,857.3214099741124,3463.2230619913234,1.0,0.0
522,501,852.4281328104929,2940.5542092134924,1.0,1.0
523,502,847.5627846838963,2775.012858385837,1.0,1.0
524,503,842.7252061855909,3287.1942897090844,1.0,0.0
525,504,837.9152388166913,3191.4927970633407,1.0,1.0
526,505,833.1327249829651,3952.8504440749957,1.0,0.0
527,506,828.3775079896717,3952.8504440749957,0.0,0.0
528,507,823.649432036425,3952.8504440749957,0.0,0.0
529,508,818.9483422120921,3322.0990138239704,1.0,1.0
530,509,814.274084489715,3322.0990138239704,0.0,0.0
531,510,809.6265057214664,3322.0990138239704,0.0,0.0
532,511,805.0054536336294,3322.0990138239704,0.0,0.0
533,512,800.4107768216111,2766.223329899281,1.0,1.0
534,513,795.8423247449806,2759.411726283055,1.0,1.0
535,514,791.2999477225353,2759.411726283055,0.0,0.0
536,515,786.7834969274003,3055.443608593275,1.0,0.0
537,516,782.2928243821478,3441.9566515188967,1.0,0.0
538,517,777.8277829539534,4381.541033829764,1.0,0.0
539,518,773.3882263497709,3435.4106140060553,1.0,1.0
540,519,768.9740091115427,3435.4106140060553,0.0,0.0
541,520,764.5849866114327,3020.016104890763,1.0,1.0
542,521,760.2210150470867,3020.016104890763,0.0,0.0
543,522,755.881951436922,2919.8920858440524,1.0,1.0
544,523,751.567653615443,3148.111530707228,1.0,0.0
545,524,747.2779802285827,2863.3885140628327,1.0,1.0
546,525,743.0127907290708,2508.9640935652496,1.0,1.0
547,526,738.7719453718296,2508.9640935652496,0.0,0.0
548,527,734.5553052093964,2508.9640935652496,0.0,0.0
549,528,730.3627320873683,2913.9565669229946,1.0,0.0
550,529,726.1940886398779,2852.9604038069615,1.0,1.0
551,530,722.0492382850911,3581.763385603888,1.0,0.0
552,531,717.928045220735,2735.6207396948284,1.0,1.0
553,532,713.8303744196446,2788.1796264370487,1.0,0.0
554,533,709.7560916253408,2788.1796264370487,0.0,0.0
555,534,705.705063347632,2936.12495686451,1.0,0.0
556,535,701.6771568582396,2509.014390187123,1.0,1.0
557,536,697.6722401864497,2509.014390187123,0.0,0.0
558,537,693.690182114788,2509.014390187123,0.0,0.0
559,538,689.7308521747226,2509.014390187123,0.0,0.0
560,539,685.7941206423884,3190.249946640828,1.0,0.0
561,540,681.8798585343354,3179.004121611426,1.0,1.0
562,541,677.9879376033058,3354.9789738302698,1.0,0.0
563,542,674.1182303340283,3271.5028773047434,1.0,1.0
564,543,670.2706099390441,3600.2965784533094,1.0,0.0
565,544,666.4449503545491,3967.8435153972687,1.0,0.0
566,545,662.6411262362664,3954.433949079682,1.0,1.0
567,546,658.8590129553384,3629.1667533858513,1.0,1.0
568,547,655.0984865942426,3629.1667533858513,0.0,0.0
569,548,651.3594239427335,3110.0012810448143,1.0,1.0
570,549,647.6417024938037,2594.1204168669346,1.0,1.0
571,550,643.9452004396717,2594.1204168669346,0.0,0.0
572,551,640.2697966677898,2594.1204168669346,0.0,0.0
573,552,636.6153707568768,2430.1260138841135,1.0,1.0
574,553,632.9818029729718,2594.1204168669346,1.0,0.0
575,554,629.3689742655118,3033.2369185362954,1.0,0.0
576,555,625.7767662634312,3060.974793825525,1.0,0.0
577,556,622.2050612712825,3072.9897605483548,1.0,0.0
578,557,618.6537422653809,3072.9897605483548,0.0,0.0
579,558,615.1226928899704,2751.9488591586255,1.0,1.0
580,559,611.6117974534112,2751.9488591586255,0.0,0.0
581,560,608.1209409243886,4148.75594852866,1.0,0.0
582,561,604.6500089281442,3160.257034547105,1.0,1.0
583,562,601.1988877427304,3200.288396847698,1.0,0.0
584,563,597.7674642952818,3586.7783836722647,1.0,0.0
585,564,594.3556261583115,3888.8967674111445,1.0,0.0
586,565,590.9632615460274,3086.0038588079688,1.0,1.0
587,566,587.5902593106714,3086.0038588079688,0.0,0.0
588,567,584.2365089388745,3025.3583239587592,1.0,1.0
589,568,580.9019005480379,3086.0038588079688,1.0,0.0
590,569,577.5863248827329,3086.0038588079688,0.0,0.0
591,570,574.2896733111212,2606.513037970757,1.0,1.0
592,571,571.0118378213944,2606.513037970757,0.0,0.0
593,572,567.7527110182361,2635.604337201699,1.0,0.0
594,573,564.5121861193039,2836.5148919918374,1.0,0.0
595,574,561.2901569517296,3018.9776004955033,1.0,0.0
596,575,558.0865179486404,3018.9776004955033,0.0,0.0
597,576,554.9011641457015,3018.9776004955033,0.0,0.0
598,577,551.7339911776753,3018.9776004955033,0.0,0.0
599,578,548.5848952750034,3375.7630974826507,1.0,0.0
600,579,545.4537732604056,3375.7630974826507,0.0,0.0
601,580,542.3405225455004,2949.8878915388163,1.0,1.0
602,581,539.2450411274434,2949.8878915388163,0.0,0.0
603,582,536.1672275855842,2787.1413750133033,1.0,1.0
604,583,533.1069810781455,2787.1413750133033,0.0,0.0
605,584,530.064201338917,3060.0373460614164,1.0,0.0
606,585,527.0387886739722,2787.1413750133033,1.0,1.0
607,586,524.0306439584004,2637.9681296470917,1.0,1.0
608,587,521.0396686330603,2637.9681296470917,0.0,0.0
609,588,518.0657647013492,3465.0449543164827,1.0,0.0
610,589,515.1088347259937,3478.815422449979,1.0,0.0
611,590,512.1687818258574,3435.793923770632,1.0,1.0
612,591,509.24550967276497,3545.9981586830772,1.0,0.0
613,592,506.3389224883473,3214.2781226928696,1.0,1.0
614,593,503.4489250409035,3034.7526370917476,1.0,1.0
615,594,500.57542264228056,3059.6309894429287,1.0,0.0
616,595,497.71832114477024,3567.767538510008,1.0,0.0
617,596,494.87752693802514,3191.9437428657307,1.0,1.0
618,597,492.0529469459922,3586.308553752285,1.0,0.0
619,598,489.2444886238616,3574.766090104402,1.0,1.0
620,599,486.4520599550359,3585.812315528865,1.0,0.0
621,600,483.675569448114,3585.812315528865,0.0,0.0
622,601,480.9149261338959,3591.624248578255,1.0,0.0
623,602,478.17003956239904,3276.430023711142,1.0,1.0
624,603,475.44081979989653,3276.430023711142,0.0,0.0
625,604,472.7271774259707,3276.430023711142,0.0,0.0
626,605,470.02902353058323,2690.215452052061,1.0,1.0
627,606,467.3462697111609,2690.215452052061,0.0,0.0
628,607,464.67882806970044,2690.215452052061,0.0,0.0
629,608,462.0266112098885,2927.316822001597,1.0,0.0
630,609,459.38953223423795,2927.316822001597,0.0,0.0
631,610,456.7675047412401,3025.3583239587592,1.0,0.0
632,611,454.1604428225352,3025.3583239587592,0.0,0.0
633,612,451.5682610600968,3025.3583239587592,0.0,0.0
634,613,448.99087452343326,2914.140489385075,1.0,1.0
635,614,446.42819876680477,2914.140489385075,0.0,0.0
636,615,443.8801498264575,2303.182220642135,1.0,1.0
637,616,441.3466442178721,2303.182220642135,0.0,0.0
638,617,438.82759893302756,2303.182220642135,0.0,0.0
639,618,436.32293143768317,2303.182220642135,0.0,0.0
640,619,433.83255966867284,2303.182220642135,0.0,0.0
641,620,431.3564020312176,2914.140489385075,1.0,0.0
642,621,428.894377396251,2651.4786682721046,1.0,1.0
643,622,426.44640509776235,2651.4786682721046,0.0,0.0
644,623,424.0124049301523,2651.4786682721046,0.0,0.0
645,624,421.5922971456064,2493.9347673685734,1.0,1.0
646,625,419.1860024514814,2493.9347673685734,0.0,0.0
647,626,416.7934420077072,2493.9347673685734,0.0,0.0
648,627,414.414537424204,2493.9347673685734,0.0,0.0
649,628,412.0492107583143,2493.9347673685734,0.0,0.0
650,629,409.6973845122487,2493.9347673685734,0.0,0.0
651,630,407.35898163054657,2493.9347673685734,0.0,0.0
652,631,405.0339254975515,2493.9347673685734,0.0,0.0
653,632,402.72213993490215,2493.9347673685734,0.0,0.0
654,633,400.42354919903454,2493.9347673685734,0.0,0.0
655,634,398.13807797870163,2493.9347673685734,0.0,0.0
656,635,395.8656513925049,2651.4786682721046,1.0,0.0
657,636,393.60619498644274,2493.9347673685734,1.0,1.0
658,637,391.35963473146853,2493.9347673685734,0.0,0.0
659,638,389.12589702106663,2303.182220642135,1.0,1.0
660,639,386.90490866884085,2303.182220642135,0.0,0.0
661,640,384.6965969061162,2303.182220642135,0.0,0.0
662,641,382.5008893795543,2303.182220642135,0.0,0.0
663,642,380.317714148783,2303.182220642135,0.0,0.0
664,643,378.14699968404057,2303.182220642135,0.0,0.0
665,644,375.9886748638299,2303.182220642135,0.0,0.0
666,645,373.84266897258965,2303.182220642135,0.0,0.0
667,646,371.7089116983773,2303.182220642135,0.0,0.0
668,647,369.5873331305652,2303.182220642135,0.0,0.0
669,648,367.47786375754976,2303.182220642135,0.0,0.0
670,649,365.3804344644741,2303.182220642135,0.0,0.0
671,650,363.29497653096405,2303.182220642135,0.0,0.0
672,651,361.22142162887627,2303.182220642135,0.0,0.0
673,652,359.1597018200589,2303.182220642135,0.0,0.0
674,653,357.1097495541269,2303.182220642135,0.0,0.0
675,654,355.0714976662474,3301.9519246171903,1.0,0.0
676,655,353.0448793749407,3301.9519246171903,0.0,0.0
677,656,351.0298282798905,2767.035024240005,1.0,1.0
678,657,349.02627835977,2767.035024240005,0.0,0.0
679,658,347.03416397007726,3042.6664002323714,1.0,0.0
680,659,345.0534198409858,3042.6664002323714,0.0,0.0
681,660,343.08398107520514,3042.6664002323714,0.0,0.0
682,661,341.1257831458549,3042.6664002323714,0.0,0.0
683,662,339.1787618943502,3042.6664002323714,0.0,0.0
684,663,337.24285352830043,2514.796351697525,1.0,1.0
685,664,335.3179946194185,2514.796351697525,0.0,0.0
686,665,333.4041221014425,2514.796351697525,0.0,0.0
687,666,331.50117326806964,2514.796351697525,0.0,0.0
688,667,329.60908577090254,2514.796351697525,0.0,0.0
689,668,327.72779761740486,2514.796351697525,0.0,0.0
690,669,325.8572471688712,2514.796351697525,0.0,0.0
691,670,323.9973731384073,2514.796351697525,0.0,0.0
692,671,322.1481145889226,2347.593097395549,1.0,1.0
693,672,320.3094109311327,2347.593097395549,0.0,0.0
694,673,318.4812019215743,2347.593097395549,0.0,0.0
695,674,316.6634276606329,2347.593097395549,0.0,0.0
696,675,314.85602859057815,2347.593097395549,0.0,0.0
697,676,313.0589454936137,2347.593097395549,0.0,0.0
698,677,311.2721194899366,2347.593097395549,0.0,0.0
699,678,309.4954920358088,2347.593097395549,0.0,0.0
700,679,307.729004921638,2347.593097395549,0.0,0.0
701,680,305.97260027007104,2347.593097395549,0.0,0.0
702,681,304.22622053409765,2347.593097395549,0.0,0.0
703,682,302.489808495165,2347.593097395549,0.0,0.0
704,683,300.76330726130254,2347.593097395549,0.0,0.0
705,684,299.04666026525825,2347.593097395549,0.0,0.0
706,685,297.33981126264564,2347.593097395549,0.0,0.0
707,686,295.6427043301005,2347.593097395549,0.0,0.0
708,687,293.95528386344847,2347.593097395549,0.0,0.0
709,688,292.2774945758839,2514.796351697525,1.0,0.0
710,689,290.6092814961577,2514.796351697525,0.0,0.0
711,690,288.9505899667767,2700.7219962044865,1.0,0.0
712,691,287.30136564221255,2700.7219962044865,0.0,0.0
713,692,285.66155448712175,2416.796351697525,1.0,1.0
714,693,284.03110277457426,2416.796351697525,0.0,0.0
715,694,282.40995708429386,2271.5206495417865,1.0,1.0
716,695,280.7980643009082,2416.796351697525,1.0,0.0
717,696,279.1953716122074,2416.796351697525,0.0,0.0
718,697,277.6018265074145,2416.796351697525,0.0,0.0
719,698,276.0173767754652,2416.796351697525,0.0,0.0
720,699,274.4419705032966,2416.796351697525,0.0,0.0
721,700,272.8755560741469,2271.5206495417865,1.0,1.0
722,701,271.3180821658632,2878.058302147481,1.0,0.0
723,702,269.76949774922133,2878.058302147481,0.0,0.0
724,703,268.2297520862531,2787.301903360144,1.0,1.0
725,704,266.69879472858406,3126.3541968916097,1.0,0.0
726,705,265.1765755157809,3126.3541968916097,0.0,0.0
727,706,263.6630445737069,3126.3541968916097,0.0,0.0
728,707,262.1581523128896,3126.3541968916097,0.0,0.0
729,708,260.6618494268948,3126.3541968916097,0.0,0.0
730,709,259.17408689071146,2787.301903360144,1.0,1.0
731,710,257.69481595914493,2787.301903360144,0.0,0.0
732,711,256.2239881652209,2787.301903360144,0.0,0.0
733,712,254.7615553185965,2787.301903360144,0.0,0.0
734,713,253.30746950398188,2787.301903360144,0.0,0.0
735,714,251.86168307957027,2787.301903360144,0.0,0.0
736,715,250.42414867547635,2787.301903360144,0.0,0.0
737,716,248.99481919218553,2590.7962221073194,1.0,1.0
738,717,247.57364779900902,2787.301903360144,1.0,0.0
739,718,246.16058793255178,2787.301903360144,0.0,0.0
740,719,244.75559329518492,2787.301903360144,0.0,0.0
741,720,243.35861785352913,2787.301903360144,0.0,0.0
742,721,241.9696158369476,2787.301903360144,0.0,0.0
743,722,240.58854173604468,2787.301903360144,0.0,0.0
744,723,239.2153503011765,2590.7962221073194,1.0,1.0
745,724,237.84999654096723,2590.7962221073194,0.0,0.0
746,725,236.4924357208355,2922.705822518953,1.0,0.0
747,726,235.14262336152842,2922.705822518953,0.0,0.0
748,727,233.8005152376648,2922.705822518953,0.0,0.0
749,728,232.46606737628508,2922.705822518953,0.0,0.0
750,729,231.139236055412,2922.705822518953,0.0,0.0
751,730,229.81997780261668,2922.705822518953,0.0,0.0
752,731,228.50824939359526,2593.9347174100985,1.0,1.0
753,732,227.2040078507531,2593.9347174100985,0.0,0.0
754,733,225.90721044179472,2593.9347174100985,0.0,0.0
755,734,224.6178146783257,2593.9347174100985,0.0,0.0
756,735,223.33577831445993,2593.9347174100985,0.0,0.0
757,736,222.06105934543478,2593.9347174100985,0.0,0.0
758,737,220.79361600623594,2593.9347174100985,0.0,0.0
759,738,219.53340677022842,2593.9347174100985,0.0,0.0
760,739,218.28039034779604,2593.9347174100985,0.0,0.0
761,740,217.03452568498895,2593.9347174100985,0.0,0.0
762,741,215.79577196217744,2593.9347174100985,0.0,0.0
763,742,214.56408859271613,2593.9347174100985,0.0,0.0
764,743,213.33943522161326,2593.9347174100985,0.0,0.0
765,744,212.121771724208,2593.9347174100985,0.0,0.0
766,745,210.91105820485691,2593.9347174100985,0.0,0.0
767,746,209.70725499562676,2593.9347174100985,0.0,0.0
768,747,208.51032265499327,2802.457238173606,1.0,0.0
769,748,207.32022196655097,2802.457238173606,0.0,0.0
770,749,206.13691393772646,2802.457238173606,0.0,0.0
771,750,204.96035979850228,2593.9347174100985,1.0,1.0
772,751,203.79052100014607,2593.9347174100985,0.0,0.0
773,752,202.62735921394682,2593.9347174100985,0.0,0.0
774,753,201.47083632996083,2593.9347174100985,0.0,0.0
775,754,200.3209144557615,2593.9347174100985,0.0,0.0
776,755,199.177555915198,2593.9347174100985,0.0,0.0
777,756,198.04072324716196,2802.457238173606,1.0,0.0
778,757,196.91037920435852,2802.457238173606,0.0,0.0
779,758,195.7864867520873,2802.457238173606,0.0,0.0
780,759,194.66900906702838,2802.457238173606,0.0,0.0
781,760,193.55790953603574,2802.457238173606,0.0,0.0
782,761,192.4531517549379,2802.457238173606,0.0,0.0
783,762,191.35469952734522,2802.457238173606,0.0,0.0
784,763,190.26251686346333,2802.457238173606,0.0,0.0
785,764,189.17656797891513,2802.457238173606,0.0,0.0
786,765,188.09681729356697,2802.457238173606,0.0,0.0
787,766,187.02322943036393,2593.9347174100985,1.0,1.0
788,767,185.95576921417089,2593.9347174100985,0.0,0.0
789,768,184.89440167061855,2593.9347174100985,0.0,0.0
790,769,183.83909202495914,3034.7526370917476,1.0,0.0
791,770,182.7898057009265,3028.33554539083,1.0,1.0
792,771,181.74650831960267,3028.33554539083,0.0,0.0
793,772,180.70916569829242,3028.33554539083,0.0,0.0
794,773,179.6777438494027,2590.7619197830386,1.0,1.0
795,774,178.6522089793292,2590.7619197830386,0.0,0.0
796,775,177.6325274873494,2590.7619197830386,0.0,0.0
797,776,176.61866596452077,2590.7619197830386,0.0,0.0
798,777,175.61059119258746,2590.7619197830386,0.0,0.0
799,778,174.6082701428912,2590.7619197830386,0.0,0.0
800,779,173.61166997528875,2590.7619197830386,0.0,0.0
801,780,172.62075803707674,2820.5884216727177,1.0,0.0
802,781,171.6355018619219,2820.5884216727177,0.0,0.0
803,782,170.65586916879607,2820.5884216727177,0.0,0.0
804,783,169.68182786092012,2820.5884216727177,0.0,0.0
805,784,168.713346024711,2592.142466152833,1.0,1.0
806,785,167.7503919287372,2733.3490152346403,1.0,0.0
807,786,166.7929340226786,2709.5744166696463,1.0,1.0
808,787,165.8409409362921,2709.5744166696463,0.0,0.0
809,788,164.89438147838558,2709.5744166696463,0.0,0.0
810,789,163.95322463579413,2709.5744166696463,0.0,0.0
811,790,163.01743957236454,2709.5744166696463,0.0,0.0
812,791,162.0869956279456,2606.513037970757,1.0,1.0
813,792,161.16186231738251,2606.513037970757,0.0,0.0
814,793,160.24200932951894,2606.513037970757,0.0,0.0
815,794,159.3274065262035,2606.513037970757,0.0,0.0
816,795,158.4180239413022,2606.513037970757,0.0,0.0
817,796,157.51383177971704,2606.513037970757,0.0,0.0
818,797,156.61480041640945,2622.785391941009,1.0,0.0
819,798,155.7209003954294,2622.785391941009,0.0,0.0
820,799,154.83210242895126,2622.785391941009,0.0,0.0
821,800,153.94837739631302,2394.649999221644,1.0,1.0
822,801,153.06969634306301,2394.649999221644,0.0,0.0
823,802,152.19603048001144,2394.649999221644,0.0,0.0
824,803,151.32735118228587,2394.649999221644,0.0,0.0
825,804,150.46362998839464,2394.649999221644,0.0,0.0
826,805,149.6048385992939,2394.649999221644,0.0,0.0
827,806,148.75094887746013,2394.649999221644,0.0,0.0
828,807,147.9019328459687,2394.649999221644,0.0,0.0
829,808,147.05776268757702,2394.649999221644,0.0,0.0
830,809,146.21841074381317,2394.649999221644,0.0,0.0
831,810,145.38384951406974,2394.649999221644,0.0,0.0
832,811,144.55405165470233,2394.649999221644,0.0,0.0
833,812,143.7289899781346,2394.649999221644,0.0,0.0
834,813,142.90863745196674,2394.649999221644,0.0,0.0
835,814,142.0929671980898,2394.649999221644,0.0,0.0
836,815,141.28195249180538,2622.785391941009,1.0,0.0
837,816,140.4755667609503,2622.785391941009,0.0,0.0
838,817,139.67378358502486,2622.785391941009,0.0,0.0
839,818,138.87657669432852,2597.0214031293594,1.0,1.0
840,819,138.08391996909805,2597.0214031293594,0.0,0.0
841,820,137.29578743865267,2597.0214031293594,0.0,0.0
842,821,136.51215328054275,3135.7130774491534,1.0,0.0
843,822,135.73299181970333,2677.012858385837,1.0,1.0
844,823,134.95827752761397,2677.012858385837,0.0,0.0
845,824,134.18798502146134,2677.012858385837,0.0,0.0
846,825,133.42208906330782,2677.012858385837,0.0,0.0
847,826,132.66056455926497,2677.012858385837,0.0,0.0
848,827,131.9033865586708,2677.012858385837,0.0,0.0
849,828,131.15053025327288,2677.012858385837,0.0,0.0
850,829,130.40197097641504,2677.012858385837,0.0,0.0
851,830,129.6576842022294,2677.012858385837,0.0,0.0
852,831,128.9176455448328,2677.012858385837,0.0,0.0
853,832,128.18183075752788,2677.012858385837,0.0,0.0
854,833,127.45021573200816,2677.012858385837,0.0,0.0
855,834,126.72277649756903,2677.012858385837,0.0,0.0
856,835,125.99948922032175,2677.012858385837,0.0,0.0
857,836,125.28033020241239,2677.012858385837,0.0,0.0
858,837,124.56527588124636,2677.012858385837,0.0,0.0
859,838,123.8543028287151,2677.012858385837,0.0,0.0
860,839,123.14738775042947,2677.012858385837,0.0,0.0
861,840,122.4445074849562,2677.012858385837,0.0,0.0
862,841,121.74563900305871,2677.012858385837,0.0,0.0
863,842,121.05075940694323,2677.012858385837,0.0,0.0
864,843,120.35984592950805,2677.012858385837,0.0,0.0
865,844,119.67287593359784,2677.012858385837,0.0,0.0
866,845,118.98982691126189,2677.012858385837,0.0,0.0
867,846,118.3106764830164,2677.012858385837,0.0,0.0
868,847,117.63540239711175,2677.012858385837,0.0,0.0
869,848,116.96398252880319,2677.012858385837,0.0,0.0
870,849,116.2963948796256,2677.012858385837,0.0,0.0
871,850,115.6326175766733,2677.012858385837,0.0,0.0
872,851,114.97262887188344,2677.012858385837,0.0,0.0
873,852,114.31640714132254,2677.012858385837,0.0,0.0
874,853,113.66393088447914,2677.012858385837,0.0,0.0
875,854,113.01517872355845,2677.012858385837,0.0,0.0
876,855,112.3701294027826,2677.012858385837,0.0,0.0
877,856,111.7287617876939,2677.012858385837,0.0,0.0
878,857,111.09105486446212,2677.012858385837,0.0,0.0
879,858,110.45698773919679,2677.012858385837,0.0,0.0
880,859,109.82653963726185,2677.012858385837,0.0,0.0
881,860,109.1996899025951,3131.6538872275237,1.0,0.0
882,861,108.57641799703194,3131.6538872275237,0.0,0.0
883,862,107.95670349963176,3045.632068689326,1.0,1.0
884,863,107.34052610600949,3045.632068689326,0.0,0.0
885,864,106.72786562766993,3496.0105140115097,1.0,0.0
886,865,106.11870199134651,3045.632068689326,1.0,1.0
887,866,105.51301523834343,3045.632068689326,0.0,0.0
888,867,104.910785523882,3045.632068689326,0.0,0.0
889,868,104.31199311644995,3045.632068689326,0.0,0.0
890,869,103.7166183971556,3045.632068689326,0.0,0.0
891,870,103.12464185908462,3045.632068689326,0.0,0.0
892,871,102.53604410666077,3045.632068689326,0.0,0.0
893,872,101.95080585501124,3045.632068689326,0.0,0.0
894,873,101.36890792933359,3045.632068689326,0.0,0.0
895,874,100.79033126426854,3045.632068689326,0.0,0.0
896,875,100.21505690327488,3496.0105140115097,1.0,0.0
897,876,99.64306599800813,3496.0105140115097,0.0,0.0
898,877,99.07433980770348,3118.939143891602,1.0,1.0
899,878,98.50885969856178,2775.012858385837,1.0,1.0
900,879,97.94660714313831,2775.012858385837,0.0,0.0
901,880,97.38756371973662,2775.012858385837,0.0,0.0
902,881,96.83171111180425,2775.012858385837,0.0,0.0
903,882,96.2790311073332,2775.012858385837,0.0,0.0
904,883,95.7295055982629,2775.012858385837,0.0,0.0
905,884,95.18311657988677,2744.0811734597996,1.0,1.0
906,885,94.63984615026266,2744.0811734597996,0.0,0.0
907,886,94.09967650962638,2744.0811734597996,0.0,0.0
908,887,93.56258995980784,2744.0811734597996,0.0,0.0
909,888,93.02856890365199,2677.012858385837,1.0,1.0
910,889,92.49759584444166,2677.012858385837,0.0,0.0
911,890,91.9696533853247,2677.012858385837,0.0,0.0
912,891,91.44472422874391,2744.0811734597996,1.0,0.0
913,892,90.92279117586983,2744.0811734597996,0.0,0.0
914,893,90.40383712603817,2744.0811734597996,0.0,0.0
915,894,89.8878450761887,2744.0811734597996,0.0,0.0
916,895,89.3747981203083,2744.0811734597996,0.0,0.0
917,896,88.86467944887741,2531.225965042697,1.0,1.0
918,897,88.35747234831912,2531.225965042697,0.0,0.0
919,898,87.85316020045113,2531.225965042697,0.0,0.0
920,899,87.3517264819422,2531.225965042697,0.0,0.0
921,900,86.8531547637697,2583.5215438306213,1.0,0.0
922,901,86.35742871068219,2583.5215438306213,0.0,0.0
923,902,85.8645320806638,2583.5215438306213,0.0,0.0
924,903,85.374448724402,2583.5215438306213,0.0,0.0
925,904,84.88716258475881,2583.5215438306213,0.0,0.0
926,905,84.40265769624452,2583.5215438306213,0.0,0.0
927,906,83.92091818449431,2583.5215438306213,0.0,0.0
928,907,83.441928265749,2583.5215438306213,0.0,0.0
929,908,82.96567224633671,2583.5215438306213,0.0,0.0
930,909,82.4921345221597,2583.5215438306213,0.0,0.0
931,910,82.02129957818265,2583.5215438306213,0.0,0.0
932,911,81.55315198792422,2583.5215438306213,0.0,0.0
933,912,81.0876764129519,2583.5215438306213,0.0,0.0
934,913,80.62485760237954,2583.5215438306213,0.0,0.0
935,914,80.16468039236709,2583.5215438306213,0.0,0.0
936,915,79.7071297056245,2583.5215438306213,0.0,0.0
937,916,79.25219055091705,2583.5215438306213,0.0,0.0
938,917,78.79984802257478,2583.5215438306213,0.0,0.0
939,918,78.3500873000038,2583.5215438306213,0.0,0.0
940,919,77.90289364720053,2583.5215438306213,0.0,0.0
941,920,77.45825241226943,2583.5215438306213,0.0,0.0
942,921,77.01614902694251,2583.5215438306213,0.0,0.0
943,922,76.57656900610196,2583.5215438306213,0.0,0.0
944,923,76.13949794730597,2583.5215438306213,0.0,0.0
945,924,75.70492153031635,2583.5215438306213,0.0,0.0
946,925,75.27282551662982,2583.5215438306213,0.0,0.0
947,926,74.84319574901124,2583.5215438306213,0.0,0.0
948,927,74.41601815102956,2583.5215438306213,0.0,0.0
949,928,73.99127872659717,2583.5215438306213,0.0,0.0
950,929,73.56896355951093,2583.5215438306213,0.0,0.0
951,930,73.14905881299609,2583.5215438306213,0.0,0.0
952,931,72.73155072925334,2583.5215438306213,0.0,0.0
953,932,72.31642562900791,2583.5215438306213,0.0,0.0
954,933,71.90366991106103,2583.5215438306213,0.0,0.0
955,934,71.49327005184507,2583.5215438306213,0.0,0.0
956,935,71.08521260497955,2583.5215438306213,0.0,0.0
957,936,70.6794842008312,2583.5215438306213,0.0,0.0
958,937,70.27607154607578,2583.5215438306213,0.0,0.0
959,938,69.87496142326233,2583.5215438306213,0.0,0.0
960,939,69.47614069038038,2583.5215438306213,0.0,0.0
961,940,69.07959628042923,2583.5215438306213,0.0,0.0
962,941,68.68531520098982,2583.5215438306213,0.0,0.0
963,942,68.29328453379917,2583.5215438306213,0.0,0.0
964,943,67.9034914343268,2583.5215438306213,0.0,0.0
965,944,67.51592313135431,2583.5215438306213,0.0,0.0
966,945,67.13056692655675,2583.5215438306213,0.0,0.0
967,946,66.74741019408638,2583.5215438306213,0.0,0.0
968,947,66.36644038015929,2583.5215438306213,0.0,0.0
969,948,65.9876450026442,2583.5215438306213,0.0,0.0
970,949,65.61101165065286,2597.6142968447293,1.0,0.0
971,950,65.23652798413416,2597.6142968447293,0.0,0.0
972,951,64.86418173346927,2597.6142968447293,0.0,0.0
973,952,64.49396069906997,2597.6142968447293,0.0,0.0
974,953,64.12585275097891,2597.6142968447293,0.0,0.0
975,954,63.759845828471825,2597.6142968447293,0.0,0.0
976,955,63.395927939663004,2340.7936443382837,1.0,1.0
977,956,63.034087161111856,2340.7936443382837,0.0,0.0
978,957,62.67431163743235,2340.7936443382837,0.0,0.0
979,958,62.316589580904854,2340.7936443382837,0.0,0.0
980,959,61.96090927108952,2340.7936443382837,0.0,0.0
981,960,61.60725905444266,2340.7936443382837,0.0,0.0
982,961,61.25562734393467,2340.7936443382837,0.0,0.0
983,962,60.906002618670506,2340.7936443382837,0.0,0.0
984,963,60.55837342351217,2340.7936443382837,0.0,0.0
985,964,60.21272836870345,2340.7936443382837,0.0,0.0
986,965,59.86905612949654,2340.7936443382837,0.0,0.0
987,966,59.52734544578134,2340.7936443382837,0.0,0.0
988,967,59.1875851217163,2340.7936443382837,0.0,0.0
989,968,58.849764025361445,2340.7936443382837,0.0,0.0
990,969,58.51387108831422,2340.7936443382837,0.0,0.0
991,970,58.179895305346086,2340.7936443382837,0.0,0.0
992,971,57.84782573404256,2340.7936443382837,0.0,0.0
993,972,57.51765149444442,2340.7936443382837,0.0,0.0
994,973,57.18936176869114,2340.7936443382837,0.0,0.0
995,974,56.862945800666765,2340.7936443382837,0.0,0.0
996,975,56.53839289564721,2340.7936443382837,0.0,0.0
997,976,56.215692419950024,2340.7936443382837,0.0,0.0
998,977,55.89483380058592,2340.7936443382837,0.0,0.0
999,978,55.575806524912274,2340.7936443382837,0.0,0.0
1000,979,55.25860014028889,2340.7936443382837,0.0,0.0
1001,980,54.943204253735445,2340.7936443382837,0.0,0.0
1002,981,54.62960853159079,2340.7936443382837,0.0,0.0
1003,982,54.31780269917464,2340.7936443382837,0.0,0.0
1004,983,54.00777654045097,2340.7936443382837,0.0,0.0
1005,984,53.69951989769286,2340.7936443382837,0.0,0.0
1006,985,53.39302267115022,2340.7936443382837,0.0,0.0
1007,986,53.08827481871846,2340.7936443382837,0.0,0.0
1008,987,52.7852663556098,2340.7936443382837,0.0,0.0
1009,988,52.48398735402595,2340.7936443382837,0.0,0.0
1010,989,52.18442794283271,2340.7936443382837,0.0,0.0
1011,990,51.88657830723695,2340.7936443382837,0.0,0.0
1012,991,51.590428688464684,2340.7936443382837,0.0,0.0
1013,992,51.295969383441324,2340.7936443382837,0.0,0.0
1014,993,51.00319074447404,2340.7936443382837,0.0,0.0
1015,994,50.71208317893549,2340.7936443382837,0.0,0.0
1016,995,50.42263714894941,2340.7936443382837,0.0,0.0
1017,996,50.13484317107839,2340.7936443382837,0.0,0.0
1018,997,49.84869181601295,2340.7936443382837,0.0,0.0
1019,998,49.56417370826269,2340.7936443382837,0.0,0.0
1020,999,49.28127952584911,2340.7936443382837,0.0,0.0
1021,1000,49.0,2340.7936443382837,0.0,0.0
